	America - Brazil - Karitiana	America - Brazil - Surui	America - Colombia - Colombians	America - Mexico - Maya	America - Mexico - Pima	Asia - Cambodia - Cambodians	Asia - China - Dai	Asia - China - Daur	Asia - China - Han	Asia - China - Hezhen	Asia - China - Lahu	Asia - China - Miaozu	Asia - China - Mongola	Asia - China - Naxi	Asia - China - Oroqen	Asia - China - She	Asia - China - Tu	Asia - China - Tujia	Asia - China - Uygur	Asia - China - Xibo	Asia - China - Yizu	Asia - Japan - Japanese	Asia - Pakistan - Balochi	Asia - Pakistan - Brahui	Asia - Pakistan - Burusho	Asia - Pakistan - Hazara	Asia - Pakistan - Kalash	Asia - Pakistan - Makrani	Asia - Pakistan - Pathan	Asia - Pakistan - Sindhi	Asia - Siberia - Yakut	Europe - France - French	Europe - France - French_Basque	Europe - Italy - Sardinian	Europe - Italy_(Bergamo) - North_Italian	Europe - Orkney_Islands - Orcadian	Europe - Russia - Russian	Europe - Russia_Caucasus - Adygei	Middle_Est - Israel_(Carmel) - Druze	Middle_Est - Israel_(Central) - Palestinian	Middle_Est - Israel_(Negev) - Bedouin	North_Africa - Algeria_(Mzab) - Mozabite	Oceania - Bougainville - NAN_Melanesian	Oceania - New_Guinea - Papuan	Subsaharian_Africa - Central_African_Republic - Biaka_Pygmies	Subsaharian_Africa - Democratic_Republic_of_Congo - Mbuti_Pygmies	Subsaharian_Africa - Kenya - Bantu_N.E.	Subsaharian_Africa - Nigeria - Yoruba	Subsaharian_Africa - Senegal - Mandenka
America - Brazil - Karitiana	0.0	0.285794514971	0.322714034409	0.365270796512	0.314177606248	0.504015148593	0.398568275551	0.370915631632	0.466378510763	0.381558087457	0.408075879365	0.394871320332	0.379696427003	0.393806110911	0.377353306635	0.403887181411	0.385696768916	0.390702116547	0.382767808449	0.376100437357	0.39270192743	0.484588434161	0.557764067472	0.557509926073	0.541219065449	0.5248705054	0.54921492036	0.560547003205	0.549328565515	0.553131115797	0.494292697596	0.560923422931	0.460641240946	0.512746808448	0.452550663534	0.557557646407	0.549791770175	0.434635253063	0.57001395774	0.572220695582	0.573067393476	0.476248780279	0.527173368096	0.530770799684	0.604364408088	0.616605043473	0.531574626039	0.623848127967	0.598158277325
America - Brazil - Surui	0.397504229701	0.0	0.438066682961	0.367785188992	0.424266264431	0.596780307261	0.495572462912	0.474479599296	0.548896506479	0.481729471395	0.50540899615	0.493360555935	0.477546621102	0.491656710289	0.47784127224	0.502535597148	0.483404201495	0.489085939217	0.479013392567	0.474235737302	0.489447729549	0.584010160154	0.636994508869	0.637015031893	0.625220631874	0.613498263137	0.632167621472	0.639719397229	0.630016522371	0.633206642553	0.484565352595	0.639948813623	0.541281570727	0.591760797194	0.533591570868	0.636043876891	0.518261534055	0.51989271205	0.644863576119	0.648727862539	0.649593654041	0.554022500781	0.604437463186	0.614954814166	0.666898464435	0.67651290294	0.605051432341	0.614241494177	0.614453723528
America - Colombia - Colombians	0.260843660525	0.273027151858	0.0	0.192466242269	0.261399062463	0.379271929336	0.354846002504	0.328124485223	0.356007357738	0.337167474135	0.363624017036	0.351679385289	0.329986884283	0.348713179345	0.334908197466	0.358874175837	0.33806526843	0.347969082644	0.332813042093	0.32896736453	0.349073447628	0.365399096811	0.496466131945	0.496392963937	0.477947625537	0.459069296496	0.4850861333	0.50110167549	0.486449518015	0.490808456373	0.344336744242	0.500405530358	0.410696444044	0.45837750583	0.403005074848	0.412978644201	0.390237829605	0.385685009369	0.508651313617	0.481833560766	0.513902502458	0.428523106392	0.457734941725	0.464136456699	0.549605079362	0.560725764168	0.488949738621	0.506541823206	0.505887499896
America - Mexico - Maya	0.167217194882	0.0167202078565	0.0291777395296	0.0	0.151563087859	0.278869786538	0.243332406032	0.215770243554	0.250880429128	0.222671364008	0.254665698261	0.241894621446	0.215527792742	0.23599571657	0.219803301893	0.245925673424	0.22277464811	0.235262578638	0.208136497494	0.21627424401	0.236443773559	0.254727869464	0.349722380246	0.349151897074	0.326672716358	0.30643799671	0.33725612402	0.35530284128	0.337334561189	0.343457533498	0.223757739153	0.350676977806	0.286549614065	0.326636202029	0.278077097775	0.346090205547	0.25552133041	0.259085369619	0.362310239211	0.368559316494	0.370535029397	0.307400185692	0.320361109331	0.317286003542	0.439183027417	0.450240887741	0.385704517126	0.400382571953	0.401257233536
America - Mexico - Pima	0.213811192631	0.217641056133	0.224180270239	0.258704300789	0.0	0.408528825304	0.320542661591	0.296399450823	0.379178636252	0.305850485177	0.330640032428	0.322538703053	0.29935393211	0.31963808573	0.302297475526	0.325651336912	0.308060980166	0.317681888839	0.306695384747	0.298800296629	0.317104203795	0.388991720933	0.474618638318	0.473240542748	0.454553187999	0.434725394183	0.463095002787	0.477672529227	0.463379529087	0.468321475628	0.396380750828	0.479713461215	0.3887274701	0.43539047239	0.378901199622	0.474930862988	0.466181704547	0.361050890533	0.486780774924	0.49074084176	0.492564000753	0.403321267721	0.442091444794	0.44497471051	0.536745685963	0.548265789748	0.470012910738	0.555135617385	0.530055026786
Asia - Cambodia - Cambodians	0.31774096098	0.342505992274	0.217619456203	0.24394862328	0.290260011398	0.0	0.110360761105	0.129834019209	0.116936464326	0.140531905168	0.137322910851	0.125467019417	0.130172150016	0.129387062861	0.143922616011	0.128636131191	0.127353452877	0.122380243481	0.154848346095	0.132330684231	0.132319928919	0.142874925122	0.284290051915	0.283133810338	0.254796432459	0.218234787436	0.273737583985	0.292892302199	0.26882378664	0.274955594176	0.168379184392	0.298870378245	0.270807215667	0.288417173943	0.258843345258	0.253414766038	0.242446026603	0.237646327657	0.302490740707	0.283373985462	0.311557163579	0.281257481033	0.243555378959	0.210910732038	0.391708920065	0.39747321421	0.347540973659	0.364967230589	0.366982719862
Asia - China - Dai	0.204436499125	0.209036426191	0.218034341575	0.237130269378	0.215964881139	0.144496951331	0.0	0.153913432418	0.121403768331	0.150176944618	0.138868788242	0.114274314752	0.159090982456	0.133674505428	0.153301125198	0.123376918803	0.136374035179	0.110586534139	0.250266526792	0.149049254212	0.135834725057	0.140034263273	0.331079670244	0.330579466484	0.301705144117	0.257201035132	0.320438393161	0.33893215716	0.316808680658	0.321115441447	0.192138882629	0.344924450398	0.30659230627	0.349762959976	0.346881559171	0.342461034257	0.331391810587	0.272220634453	0.349041340512	0.352341099912	0.356990495902	0.368251733393	0.237245321251	0.254410489066	0.427258478416	0.42036712886	0.375375915594	0.429199161588	0.426349865223
Asia - China - Daur	0.168586364427	0.176683142317	0.186358983438	0.210034187195	0.188816284058	0.163955366399	0.154653942232	0.0	0.125815551578	0.128505343344	0.172653261061	0.118217167576	0.12744788033	0.147266998859	0.108887775134	0.15160413976	0.137582363951	0.112772964591	0.172274316069	0.12772000521	0.123960177085	0.118161506497	0.317298457287	0.315615442146	0.286924005512	0.232305359512	0.305135524873	0.325082193264	0.300573533407	0.307862911705	0.14773629123	0.328753170017	0.299439672936	0.33448112691	0.329020830331	0.325950439455	0.311194262189	0.266919969282	0.333841504991	0.338248734269	0.340900821982	0.311718425474	0.238682578764	0.252224220163	0.419408991036	0.411842510556	0.380185339106	0.421749750742	0.416411787809
Asia - China - Han	0.225152107707	0.223523145291	0.14315982471	0.170930345197	0.213616116904	0.0678319544159	0.0355405691675	0.0395428969809	0.0	0.0460989714381	0.0655402154579	0.0343879520054	0.0425256924896	0.0391953943739	0.052974494024	0.034632689815	0.0370447246092	0.0269353649108	0.0906063216436	0.0407335161968	0.0410044063936	0.0358649529197	0.26133016717	0.260230219194	0.227023652109	0.172523599273	0.246186764511	0.269203432396	0.243376523129	0.250904618975	0.091202180999	0.274608921503	0.233687675271	0.262966856923	0.236138250068	0.25592204623	0.227925603006	0.196863277198	0.279817344296	0.28355678831	0.287673674235	0.260013592119	0.186456261962	0.180130912102	0.366823634063	0.369887261684	0.316465294354	0.352020406838	0.348532037111
Asia - China - Hezhen	0.182752521455	0.188141453247	0.197409052985	0.217082370264	0.199811133821	0.174335621542	0.151025459964	0.128612843609	0.131889825403	0.0	0.166793147951	0.129637632474	0.138694137792	0.142023628177	0.120647135013	0.142696947185	0.132286888548	0.122175641372	0.165953133788	0.120645552632	0.133724817066	0.128297879915	0.324123446168	0.324819124163	0.292954534054	0.242502544273	0.311822542247	0.333039501523	0.309016758938	0.315587511144	0.158301922266	0.336440469734	0.297371973294	0.341421256707	0.336722600246	0.333792984564	0.317683217645	0.263280539092	0.342460715691	0.345389979213	0.349461235649	0.309270131525	0.24688717686	0.254503209308	0.423728195679	0.41704862146	0.375212695622	0.425884149731	0.418478404749
Asia - China - Lahu	0.240236526445	0.247463161715	0.251551496798	0.270844405044	0.250525410455	0.195029896071	0.164410092341	0.19648926502	0.173981368606	0.19069815411	0.0	0.166492929024	0.203944766266	0.150270475499	0.192424056123	0.158446672988	0.161816053347	0.16114295991	0.282544903937	0.188557195419	0.174645452441	0.186207088121	0.359263145811	0.357221580806	0.331181261507	0.290400811113	0.351045424306	0.367191295516	0.344775632276	0.351370955876	0.23208210448	0.37312034557	0.32216201095	0.378174468449	0.374810130427	0.372142166178	0.359685450832	0.290297667402	0.37720048462	0.380028489312	0.383925162994	0.394953041235	0.279974326552	0.293093793119	0.451565365333	0.445177461565	0.392551986363	0.454037906156	0.450309396811
Asia - China - Miaozu	0.201396140892	0.207404056489	0.216012263089	0.237447100539	0.220074783214	0.16096713136	0.116321295016	0.119484392889	0.122386695724	0.130781225709	0.143000470373	0.0	0.120171641879	0.12312705445	0.136306795012	0.11900923506	0.122588804919	0.110738731332	0.174444140792	0.122845208507	0.130695324067	0.137497368251	0.337159191359	0.336345090493	0.30679177823	0.257979653227	0.324030978781	0.344956007392	0.32054485097	0.326969497863	0.190219144345	0.35038023624	0.302497638489	0.35486236204	0.349992543136	0.347112954016	0.333856258798	0.27139421745	0.354206020326	0.358102960868	0.361767745569	0.315582194946	0.251746697543	0.26402981684	0.434528119612	0.430125507546	0.37964623423	0.436540852151	0.421025399861
Asia - China - Mongola	0.151756714865	0.153098565042	0.160471928608	0.182382006956	0.164205244322	0.135293804971	0.130686068264	0.0971839390303	0.0983040246251	0.108710324102	0.151900168913	0.0883451737885	0.0	0.12340280399	0.0898039730718	0.123069816826	0.115180651272	0.0829812218514	0.14625440933	0.106395022204	0.0963636460708	0.0937845690344	0.290527287506	0.29069650715	0.259359653375	0.207260948299	0.276265168853	0.297907928987	0.272613608759	0.282076232926	0.125821945653	0.300489016784	0.271697889285	0.306542149399	0.302776402358	0.298087616929	0.282986838357	0.237390045802	0.307343129254	0.311909462302	0.315056298409	0.284558314195	0.216549879733	0.224349035926	0.397204342762	0.392133290577	0.356858939154	0.399596628423	0.394570785414
Asia - China - Naxi	0.215966208569	0.220619562348	0.228152881313	0.246859935373	0.232376915911	0.18140807281	0.152936819591	0.165496718809	0.144194333691	0.160261857819	0.143767787657	0.14063783377	0.170899539373	0.0	0.162026854047	0.13870907887	0.145358176056	0.133864068313	0.260611263101	0.159472559884	0.137982660954	0.154503323642	0.343984687934	0.343939369683	0.313246611985	0.269517673594	0.329193044555	0.351689752795	0.328538750462	0.335230211048	0.19959778188	0.356680536574	0.317352486181	0.363243287978	0.358775172671	0.35522295297	0.340375749112	0.286430142477	0.361730916764	0.364817062511	0.366608131287	0.378877105119	0.257036863307	0.270662264846	0.437485399175	0.432926406871	0.389283943527	0.440745136928	0.437980443099
Asia - China - Oroqen	0.178549817308	0.183396447674	0.195998405722	0.215486568708	0.197038645128	0.178946073271	0.155538198304	0.110463655455	0.139564986208	0.122093928465	0.169937975564	0.13659336983	0.121870974876	0.145235614109	0.0	0.150102808905	0.135152244057	0.129510234008	0.167794004719	0.120114711198	0.139363922311	0.135225556387	0.324639342655	0.325125214127	0.293640055152	0.242822277787	0.313697024621	0.332968386947	0.309232104021	0.316659561197	0.152594540525	0.336074146121	0.296314551079	0.342017445969	0.338310094896	0.332979000036	0.316742746579	0.262885077095	0.341499792992	0.346995201651	0.350579901537	0.310847755168	0.24825882741	0.257757751989	0.426192352205	0.421463639806	0.379923189339	0.431098764955	0.423704269195
Asia - China - She	0.223082975784	0.23144072973	0.234358936265	0.250939212174	0.233317618591	0.174409210546	0.136284803227	0.16336415255	0.133525831185	0.15447613002	0.145493352552	0.129970727035	0.164214085023	0.132093742428	0.160398846369	0.0	0.131133002504	0.12613711367	0.263445188834	0.157358922399	0.14602868192	0.149423850843	0.346811143686	0.346777760462	0.319822394779	0.269962583572	0.335202718588	0.354774183534	0.333418954667	0.338375936941	0.202044634541	0.360689755275	0.312503341812	0.36569651873	0.362209786298	0.35838160824	0.343930814025	0.281585144279	0.365636291172	0.367991999669	0.372402108346	0.383075308667	0.259683584566	0.275757712518	0.441403760644	0.434924109575	0.385906350077	0.44426492238	0.440328033689
Asia - China - Tu	0.162762872277	0.165385879579	0.173359614458	0.192636022206	0.177343929752	0.135384198769	0.110178586514	0.110645187297	0.0961660492175	0.105073919841	0.109994592531	0.0938811129903	0.118130864839	0.0994110897112	0.106559165511	0.0913998506544	0.0	0.0853859532943	0.207117130439	0.104259779743	0.0959943818116	0.104499083189	0.292009472858	0.291700707228	0.260826282912	0.213874637953	0.280334368426	0.300138046956	0.278339723429	0.283712007977	0.143590878528	0.305138479087	0.272999349841	0.309979601076	0.306002119004	0.302536760892	0.287900284713	0.238817381891	0.310813188882	0.314943007569	0.319935217925	0.332261928288	0.214767964679	0.225676623462	0.401988854301	0.394473469822	0.357401494411	0.403519128254	0.400018344349
Asia - China - Tujia	0.195091263278	0.199918910422	0.210738476516	0.230008297725	0.213699274917	0.157165164578	0.111756261383	0.113163641567	0.114730472506	0.122453931306	0.13663874957	0.109851055655	0.114111521975	0.115333054561	0.128352082159	0.114244027118	0.113478731105	0.0	0.166994660119	0.116489628916	0.118259148464	0.130595689784	0.333182742571	0.332953474264	0.302788010473	0.255325159325	0.320802674742	0.340856352815	0.318223002201	0.325105732268	0.18494630073	0.345348869803	0.297672166956	0.349890496425	0.286811436866	0.342999370541	0.330013886926	0.263378860413	0.351690072788	0.355216064271	0.358621474061	0.308866634764	0.243372444475	0.257927160198	0.430085492587	0.424035378754	0.3732774999	0.431394694807	0.416244488506
Asia - China - Uygur	0.0779280864691	0.0774031588833	0.0867292599902	0.0983805279897	0.0965063149185	0.0821536507805	0.153290156694	0.0643909641922	0.064411208039	0.0571295928674	0.16497673284	0.0655006123583	0.0673288327071	0.145984350908	0.0576602288587	0.155742128458	0.130920350635	0.0580083815516	0.0	0.0581764763845	0.066263319838	0.0615434552365	0.149589656563	0.148055186373	0.127666108154	0.107141867474	0.132894473109	0.159235509698	0.136234265874	0.144799944805	0.0705910617013	0.152580112578	0.167177029087	0.157777192413	0.153546417802	0.146631952022	0.141102214995	0.134109488583	0.160567243034	0.169623457162	0.177584095754	0.197134040805	0.128706158816	0.138820670183	0.309139292216	0.302583700046	0.294364803552	0.309923653205	0.304373962549
Asia - China - Xibo	0.16549553569	0.166368292448	0.177580505859	0.201021977203	0.181835725409	0.156301384221	0.139541579799	0.117201378206	0.116370699305	0.109931825067	0.154410612471	0.1109901861	0.125935634681	0.130754097105	0.107926793914	0.135210450992	0.120915993459	0.105441672146	0.156728754719	0.0	0.115259036969	0.114904965712	0.307996748643	0.307442122203	0.276873054196	0.226244699128	0.295020475926	0.315787960301	0.290989748354	0.299568267451	0.148606192566	0.319104673433	0.282274023236	0.324065610852	0.320552305953	0.315442921052	0.301019818361	0.249644680984	0.324811636973	0.329099320753	0.333174857889	0.296675769491	0.232679737815	0.244907340971	0.413169485427	0.408994098104	0.369514184282	0.416507105559	0.409484167158
Asia - China - Yizu	0.185171340353	0.187966803665	0.199738081357	0.219159830686	0.200711365634	0.153663385574	0.123458088714	0.11063508484	0.113869144237	0.120439755697	0.137234900592	0.116202556912	0.113370983921	0.105753667468	0.124725257638	0.120852996088	0.110041320175	0.104452999601	0.161365764406	0.112503711993	0.0	0.126416808974	0.320592891999	0.320253566418	0.288940209116	0.24163120045	0.306918657643	0.328373911941	0.303644943172	0.311024681273	0.169361415804	0.335088600015	0.29246983009	0.341200231951	0.33533163659	0.332696161407	0.317683606606	0.257547692741	0.339461010006	0.343994439113	0.347107936874	0.302074863547	0.234413712004	0.24286565847	0.41815698829	0.413961833535	0.36751867625	0.421814435724	0.407321515819
Asia - Japan - Japanese	0.250466373392	0.282884905548	0.154383559553	0.173945743055	0.224880145005	0.0938496216292	0.0545695359006	0.0296737841309	0.0344123859735	0.0407089576965	0.077983927791	0.0495840358407	0.0362769042009	0.0493390838169	0.0467643771666	0.0509174575137	0.0444854228575	0.0429342410464	0.0864445685836	0.0376946890081	0.05315947503	0.0	0.266266225489	0.265029607939	0.232700869129	0.18061101515	0.252245784796	0.274624206752	0.249204845467	0.256543943757	0.0793116711277	0.279661229178	0.229274038439	0.256869882891	0.220487857809	0.215185210952	0.196015242596	0.193846095079	0.286072683244	0.28907793548	0.292826100508	0.241386396194	0.207719047548	0.188076812529	0.36669008193	0.375178844271	0.314398866436	0.330096910352	0.332226394846
Asia - Pakistan - Balochi	0.243368832619	0.263771588039	0.210604480242	0.152019748305	0.215867116517	0.109802505065	0.134800862999	0.116202364719	0.129643018467	0.124929776272	0.145922006705	0.140678316827	0.112333666397	0.132197395114	0.124156698071	0.142522388336	0.111224718895	0.136385234381	0.0260368878778	0.114834758511	0.133644986309	0.136759616756	0.0	0.0267665264425	0.00465134494137	0.0414880466616	0.0408893300243	0.0196617986217	0.0094714053158	0.014842819194	0.115370206578	0.00884031185865	0.0314920192018	0.0367017578984	0.0140558565324	0.011125382638	0.0170147077732	-0.00600363388271	0.0256137403813	0.0113823511387	0.0518230831414	0.0634275175144	0.20002031327	0.246037314213	0.244243974196	0.278664645783	0.189151336586	0.208915329721	0.209583896803
Asia - Pakistan - Brahui	0.271505146494	0.291596375789	0.240285326496	0.183306067069	0.243480543765	0.142014068075	0.16683030077	0.147459718842	0.161242539208	0.158821017531	0.175535672776	0.17209291607	0.146037291607	0.164889959833	0.157816723355	0.174840811363	0.144393483187	0.168691713197	0.0611024766871	0.147557595077	0.165924240386	0.167937714204	0.0634956632344	0.0	0.0384209140177	0.0745331517902	0.0736868891787	0.0542316930496	0.044626426023	0.0485135785754	0.148275559033	0.0436793009556	0.0663114871751	0.0715123346704	0.0491054215787	0.0483617046179	0.0519449643547	0.0312114254039	0.0599798478987	0.0447701011772	0.0856387785956	0.096120551732	0.227485081359	0.272963420914	0.270215745104	0.304883956231	0.215916267972	0.235632435288	0.235443516349
Asia - Pakistan - Burusho	0.269189559167	0.292308083319	0.238010078028	0.182510232712	0.242056916071	0.1370345251	0.159089632724	0.140537467214	0.152026185578	0.147700863452	0.169966843497	0.16328140908	0.137238810243	0.154181917976	0.147123985042	0.168666018309	0.136066691526	0.159287980436	0.0698223450739	0.138808086184	0.155808238982	0.159520497803	0.0732887919655	0.0696177087494	0.0	0.0765864890654	0.0523766494009	0.082699901259	0.0609618821028	0.0692628402824	0.142453091391	0.0795596638144	0.100893033209	0.110463218549	0.0873927331002	0.0820507826546	0.0786882015805	0.0649326648878	0.101272426545	0.0879650181837	0.126099261653	0.134907066198	0.234450181979	0.283970955913	0.299618548484	0.332900535531	0.248125555812	0.265681601638	0.26764380989
Asia - Pakistan - Hazara	0.229570645765	0.257081010533	0.196292106089	0.142838109865	0.200414128691	0.0784555546859	0.0894504105715	0.0581080388808	0.0759546160775	0.0705044084724	0.103559295794	0.0882978546707	0.0599846709534	0.0841859192367	0.0693655743372	0.0917199548423	0.0647085616218	0.0859487647591	0.0308587829942	0.0619834850034	0.0834906610108	0.0863623452149	0.091576911242	0.0884956581613	0.0600220335425	0.0	0.109681888965	0.103237387853	0.0761667637228	0.0854973784139	0.0729494835034	0.0810462684574	0.101147125172	0.109478797829	0.0878245384819	0.0833989003733	0.0734036450642	0.0671041785277	0.106091958155	0.0908670032939	0.126927420731	0.130699416366	0.208293417554	0.26024145237	0.288042254492	0.322015744684	0.236546380082	0.254987225155	0.258242483543
Asia - Pakistan - Kalash	0.316639603781	0.339003123732	0.284761916471	0.23425754366	0.289993173937	0.199626028126	0.221209599276	0.202974653421	0.213025091277	0.210547434098	0.23355287614	0.2235322934	0.197687424174	0.213760962833	0.211400295356	0.226743943266	0.199529454041	0.22060203434	0.120094561143	0.201007334069	0.216930898923	0.220525017236	0.150195952313	0.147066585374	0.0981866814625	0.167652556062	0.0	0.159209627492	0.141470539287	0.150324718693	0.202365592728	0.109753435463	0.12973682915	0.138244950829	0.11464973013	0.108355230402	0.113241002506	0.0956313148198	0.13060930354	0.118534161673	0.157804803044	0.165804788764	0.282619490946	0.325340914725	0.331241425192	0.364447503801	0.280710651961	0.298440282921	0.299243225624
Asia - Pakistan - Makrani	0.254552956975	0.275539976823	0.224552890002	0.166478410852	0.227084461517	0.128014937895	0.152261552663	0.133742508507	0.146275550226	0.143850111932	0.163695492776	0.158040568851	0.129071932744	0.149715964364	0.142347735464	0.160211497252	0.128933983172	0.15361596128	0.0453097179422	0.132277028688	0.150883011552	0.15388291837	0.0280361954483	0.0255351744313	0.0231757680019	0.0618743107473	0.0591685570754	0.0	0.0292909030808	0.0335804881175	0.131687274338	0.0264841505199	0.0491374463137	0.0529012171909	0.0318506725972	0.0300331509264	0.0343529493828	0.0125854857482	0.0414984748449	0.0252988203401	0.0638299406237	0.0724099948924	0.214369514442	0.258819176806	0.243189579354	0.279808294615	0.18705411967	0.207000333289	0.207058020549
Asia - Pakistan - Pathan	0.253393483247	0.273420310032	0.220438008435	0.163274901365	0.224496457468	0.119411694832	0.144370859975	0.123270624739	0.13676624929	0.133747333755	0.154313471705	0.147078875089	0.118787256947	0.139938569256	0.132590157919	0.152697422137	0.122799509591	0.145017712468	0.0421191492381	0.121846823846	0.140198723603	0.144704387184	0.0408896839604	0.0386489297672	0.0234025521859	0.056146703767	0.0617757047992	0.0519822287937	0.0	0.0412993846469	0.123831280768	0.0346098033944	0.0562335054482	0.0641696773784	0.0403962900582	0.03408989727	0.0363383819456	0.0210915316252	0.0553888338873	0.0420752633501	0.0825557470298	0.0935458466971	0.213781905601	0.260875637258	0.271172834492	0.306480788406	0.218448580957	0.237006903261	0.238551758145
Asia - Pakistan - Sindhi	0.256625442157	0.276700410493	0.223852021597	0.167571135493	0.228454573192	0.123178282997	0.146241597869	0.128812871308	0.14181375099	0.138429483514	0.159357009085	0.151642982024	0.126647111216	0.144981276592	0.138361382045	0.155513536598	0.125721962289	0.150142042383	0.0476884034639	0.128877145695	0.145785677325	0.149555611921	0.0421380869129	0.0385931381421	0.028024653256	0.0618080507166	0.0676042423011	0.0522606747592	0.0373268944995	0.0	0.130545570782	0.0444406674713	0.0673068406946	0.0735936054695	0.0515987788951	0.0457377966077	0.04841512221	0.0303162374409	0.06231597292	0.0467573688234	0.087600114814	0.0938859025997	0.211834616282	0.257820839269	0.259444665376	0.29510327004	0.206916630423	0.225881588859	0.226633647321
Asia - Siberia - Yakut	0.263035158726	0.109589379255	0.124483851827	0.13781282481	0.232646584894	0.118967336657	0.109988265518	0.06024792996	0.0879226412405	0.0717836693328	0.128133562235	0.10580676147	0.0683961034133	0.0981535481468	0.0639495474758	0.107763539295	0.0842790521741	0.100881786301	0.0933531350376	0.0723929338647	0.0978157272063	0.077379244064	0.24650754784	0.246082717262	0.215476335138	0.166836733538	0.233219338499	0.254033465913	0.22926772896	0.238330104207	0.0	0.253206858308	0.213032468344	0.238263922823	0.204243552177	0.247568073824	0.233375022617	0.180568031666	0.262949745365	0.268090043298	0.272887903179	0.234194466086	0.19322778736	0.188595874102	0.358982035955	0.366757709421	0.314470299981	0.365762940002	0.35318417594
Europe - France - French	0.303499722062	0.322959810744	0.273836498126	0.214947761271	0.280039916023	0.191465689546	0.21443179693	0.194334024899	0.207553249974	0.203462474733	0.225265624819	0.21916983002	0.188554391156	0.210986401443	0.201709317121	0.221880120488	0.191251278281	0.213906918036	0.100163819998	0.192490957348	0.213895268768	0.214256398786	0.0810445567602	0.0785715338236	0.0834054198175	0.101012114839	0.0684395162156	0.0896263378171	0.0756165451917	0.0888054680906	0.18710621967	0.0	0.0468416282496	0.0545011024239	0.0370438700268	0.0314357621792	0.0464688238517	0.0478005461876	0.0753260885504	0.0619577945992	0.103424244461	0.106321809157	0.259495343891	0.31543159357	0.285548282675	0.290263944037	0.259052082176	0.278002519993	0.278623657796
Europe - France - French_Basque	0.170596801878	0.163813143205	0.169646918321	0.163803245152	0.180011702896	0.184827638911	0.19390150897	0.184873035025	0.188458684466	0.182366336207	0.187914975661	0.187263088949	0.181000963857	0.188364086382	0.179786343802	0.188829059682	0.179729506705	0.182456485786	0.142716549396	0.174850479712	0.189097685497	0.185012408882	0.129515638102	0.127898506388	0.132039520811	0.1475758389	0.117208177341	0.138011745079	0.123966367498	0.137817539928	0.169581071088	0.0759999127749	0.0	0.0702774117285	0.0745272184318	0.0714224299639	0.0855865439714	0.070929167433	0.102896224381	0.116019890845	0.126488107454	0.147983506213	0.193481173913	0.19630709203	0.305325305102	0.301629568095	0.279637283621	0.307387865202	0.301575663611
Europe - Italy - Sardinian	0.237021450233	0.242222820966	0.222876397889	0.196355215437	0.228758050843	0.1899679401	0.230265728606	0.211485356708	0.205193320458	0.219611842559	0.24139829782	0.234533219979	0.205924937394	0.229082435672	0.219033382592	0.237905980136	0.207217807656	0.229403239616	0.117187631877	0.208687191948	0.23114103886	0.199823971348	0.118366256838	0.116898099233	0.125575807144	0.140034419433	0.109854091737	0.125724016271	0.115448742706	0.127969645813	0.181507665091	0.0666648141507	0.053276736775	0.0	0.0414603652198	0.0634305958125	0.0804463863767	0.0587942679428	0.0813448308652	0.0857630886953	0.105471320936	0.106270808108	0.204052536085	0.184848715671	0.303481436621	0.303354150666	0.268340687831	0.294345567902	0.290690605987
Europe - Italy_(Bergamo) - North_Italian	0.171316761534	0.163087238292	0.171960545405	0.167101324788	0.179855991761	0.184406516097	0.252608680375	0.23149727865	0.203700874406	0.240224743783	0.262700091255	0.254445678716	0.228207505773	0.249532786945	0.240794080875	0.259242094964	0.229208200055	0.182793110925	0.142307637031	0.231070245386	0.250131283716	0.188608332116	0.127698272561	0.125712967358	0.13278024599	0.148465642726	0.11594461875	0.136061947668	0.123191413177	0.137003274947	0.17343456003	0.0810960913774	0.0889959625106	0.073389834962	0.0	0.0790887570028	0.0928820645734	0.0873536933381	0.098895135939	0.11238481647	0.124107061228	0.143683155511	0.191002164087	0.195884534834	0.30818042763	0.307488231968	0.292482828399	0.310725579203	0.306484756424
Europe - Orkney_Islands - Orcadian	0.336232133028	0.352741534138	0.193045213448	0.252288425132	0.3128353225	0.185749487314	0.254251296359	0.23485611567	0.231232841684	0.243665245219	0.266148012312	0.257812023855	0.229936946468	0.252095971577	0.241493174627	0.261432560191	0.232258223422	0.253880579537	0.143002246944	0.232187438192	0.253862684207	0.190364118324	0.132897257225	0.132821532138	0.135472515294	0.151954656627	0.117588571977	0.142148616514	0.125289189284	0.139403302244	0.225396953468	0.0839758239193	0.0940802042415	0.102691337003	0.087290260909	0.0	0.0880179515015	0.0942236833582	0.114569716195	0.128491314842	0.140814039041	0.157510140358	0.232019061141	0.195694238997	0.328454726956	0.33256213038	0.301091156501	0.318227617935	0.318491049163
Europe - Russia - Russian	0.292492719987	0.102575364209	0.121961152611	0.108284176468	0.268194376252	0.134533667993	0.20567056279	0.180958343641	0.16440950965	0.188574107415	0.216031739499	0.206765184963	0.175997625063	0.198523357198	0.186116601888	0.208919013309	0.178906496631	0.202985334879	0.096469658954	0.178763275004	0.200830508902	0.131182946614	0.0971111223393	0.0950427211525	0.0910819364875	0.10197745438	0.0807305780904	0.105394557941	0.0858650783272	0.101046065864	0.173290546589	0.0553490705491	0.0655154577356	0.077137704658	0.0582478588344	0.0446901788232	0.0	0.0580933503994	0.0851679088845	0.0996735421327	0.109293223179	0.126393070528	0.166994238194	0.146752877452	0.296029855502	0.301041500034	0.267896955683	0.28649214122	0.287478855111
Europe - Russia_Caucasus - Adygei	0.128820380018	0.123026521159	0.132627066119	0.129830445957	0.14112481186	0.146006444942	0.152206265096	0.145283431425	0.147714065838	0.14093416047	0.147993629305	0.149277482649	0.140659451924	0.149856474163	0.139056519821	0.15060811105	0.139398367952	0.140776416857	0.106847253751	0.135565752323	0.147325744826	0.14579918244	0.0939579961571	0.0932552794572	0.0954710177501	0.113474362261	0.0807275907053	0.103037837342	0.0894803494122	0.101782467161	0.133548334209	0.0750337506721	0.0690210987617	0.0737975833346	0.0709547608456	0.069662744007	0.0764309685364	0.0	0.0811991083005	0.0948781831573	0.107786944443	0.137809764741	0.15473414467	0.158291745359	0.286865780893	0.281125511516	0.273984017494	0.288477967359	0.282069244317
Middle_Est - Israel_(Carmel) - Druze	0.294296750059	0.309073014472	0.2610869632	0.202310392772	0.265223122843	0.167782487499	0.192332420364	0.172749419167	0.185994626627	0.183352213785	0.203650608945	0.196884360358	0.168677072785	0.190068405304	0.180810964882	0.201159800203	0.170074636058	0.194559508021	0.0777738199442	0.17152630303	0.192017742478	0.19427878835	0.0653076022816	0.0629085654593	0.0740310074155	0.0952267062958	0.0587554493993	0.0726232543321	0.0641869667734	0.0748829190277	0.169925035611	0.0433009564001	0.0425359552491	0.0371411060148	0.0229912069712	0.0313595509816	0.044585855278	0.0213887932196	0.0	0.0197468397942	0.0606969415933	0.0716385814736	0.23898992159	0.135723341922	0.256558224568	0.263681314891	0.220119164933	0.239652180185	0.239741291529
Middle_Est - Israel_(Central) - Palestinian	0.301201097835	0.319786375857	0.224400544517	0.213820464434	0.274301714529	0.148971454179	0.200183674656	0.18206465465	0.19400736995	0.190791532578	0.210973110117	0.205462959299	0.178018804835	0.197753113029	0.191445549143	0.20784741689	0.178904885455	0.202685465585	0.0919886203256	0.180636351251	0.201314919561	0.201421753292	0.0560899647819	0.0521984896431	0.0647137303108	0.0841190328096	0.0501442482681	0.0613588930902	0.05543448172	0.0639300080153	0.179568068542	0.0340074012407	0.0609537834439	0.0462521772581	0.0421168232182	0.0510471529714	0.0641311899197	0.0404657199903	0.0243300350149	0.0	0.0401140091426	0.0795882851083	0.193244491014	0.120794825747	0.240285289355	0.245093455354	0.21350229116	0.233342536858	0.232515885894
Middle_Est - Israel_(Negev) - Bedouin	0.27469125041	0.294324997852	0.243301719017	0.18493566615	0.24797951472	0.149742266036	0.174166556826	0.152760661077	0.166588591416	0.16366148503	0.184573747175	0.17840332677	0.149053374305	0.168020072658	0.163723732195	0.181914132224	0.152288261208	0.175176482839	0.0647259881841	0.15304258476	0.173313990819	0.173861516153	0.0584946981077	0.0564640855897	0.0679776727145	0.0852696064661	0.0561649978339	0.0624078271936	0.0591691895529	0.0682031544135	0.152348339236	0.0397826291178	0.0349619348161	0.0294895310614	0.0169627019947	0.0270484074575	0.0371007133944	0.0163214911486	0.0276971274826	0.0017236074084	0.0	0.044006582898	0.219686427705	0.117842242895	0.215873570016	0.222145688919	0.176974785534	0.195184518098	0.195721290374
North_Africa - Algeria_(Mzab) - Mozabite	0.137111010068	0.129012330038	0.137291005378	0.130300977558	0.142458308138	0.139160212341	0.213161826364	0.141999037965	0.160403774627	0.13884080795	0.223383542318	0.145587661383	0.138038290683	0.208803802851	0.139391738255	0.220141418382	0.192820098836	0.138064500385	0.114564969898	0.133693691791	0.143012815828	0.140563992893	0.0981359533121	0.0954815351085	0.105267395975	0.116759406589	0.0933966910032	0.0990896531929	0.0985451522054	0.102601808874	0.134233382322	0.0718246815385	0.0871699830345	0.0596745558142	0.06799177197	0.0748012611044	0.084141317075	0.0781632923326	0.0680787721736	0.0717187596448	0.0729115076068	0.0	0.136762898782	0.136384953834	0.183052887808	0.177603448456	0.170452081738	0.178459601027	0.174539751587
Oceania - Bougainville - NAN_Melanesian	0.439560787559	0.444209759769	0.411056035842	0.386009661676	0.423134707413	0.348187271486	0.316524507399	0.317214793663	0.335913968858	0.324489737156	0.335091028142	0.327965516385	0.320918674171	0.319119928494	0.324608832908	0.326716787359	0.317097167953	0.321121951758	0.308686555389	0.320030759226	0.323673604511	0.354243424215	0.445788742236	0.443826228704	0.430359761045	0.421277977548	0.439086511181	0.451040196223	0.437480122201	0.43841388311	0.343809450843	0.446683841137	0.378339714411	0.397505132969	0.366525229337	0.393239228935	0.371714399966	0.349809039187	0.450396824826	0.41462242716	0.455582404444	0.378949663549	0.0	0.199019943684	0.498281931267	0.506413090113	0.435459304026	0.459984659694	0.458006730126
Oceania - New_Guinea - Papuan	0.445361177488	0.460481785602	0.419616287142	0.384935343312	0.427701231051	0.321936315119	0.333751097416	0.331212141636	0.332599386838	0.333168145263	0.349009491424	0.340823393292	0.32953606198	0.333453132511	0.334985123523	0.343154942374	0.328444476123	0.33602030393	0.318599250722	0.332714789279	0.332987786071	0.340061876681	0.479111358335	0.478014377073	0.46867959891	0.460744732585	0.473947201969	0.483530067864	0.472635359438	0.472640938581	0.341865129601	0.489893259221	0.382229165664	0.384673221322	0.372087644935	0.366295365079	0.358225312891	0.354334117535	0.377541704298	0.363815584821	0.386226829706	0.380394085823	0.201232560347	0.0	0.511289300809	0.523420328236	0.430164914612	0.444047886697	0.445691483767
Subsaharian_Africa - Central_African_Republic - Biaka_Pygmies	0.402606500399	0.403773943526	0.376847426793	0.354579110168	0.389803916702	0.332277977383	0.346214492086	0.33667373291	0.341574429573	0.34152720827	0.354824839109	0.353017574773	0.334391122894	0.343286852638	0.343262332688	0.352832098857	0.337465135358	0.348584814241	0.301704237908	0.337533618714	0.345203170863	0.342426253122	0.333014247814	0.330675576909	0.336103479381	0.337022901323	0.333877307266	0.326328963966	0.335709647794	0.32780531338	0.335816940633	0.319924705074	0.317883354636	0.328354363168	0.309897879475	0.324102400148	0.323602652346	0.301192701829	0.316018523692	0.297763773095	0.303072439863	0.251263163954	0.360856618378	0.375702277434	0.0	0.0894122082365	0.0962744020993	0.117968051059	0.123286184317
Subsaharian_Africa - Democratic_Republic_of_Congo - Mbuti_Pygmies	0.500429948217	0.500338207852	0.475528972471	0.454016941195	0.486526793897	0.429250588301	0.429028424089	0.420123668879	0.434561841079	0.425185574337	0.436762292738	0.437340636879	0.420781784073	0.428697404725	0.428598844425	0.435049235449	0.421081409333	0.431894706993	0.391688722051	0.424258102805	0.430869962096	0.440153762213	0.45064002031	0.449845895761	0.454316012246	0.45518534933	0.453712635068	0.446785252245	0.454522613261	0.447861643712	0.433796738561	0.417003638274	0.408236909502	0.420298508472	0.403881586604	0.420302651721	0.420459345086	0.392111273876	0.415414468917	0.39784160382	0.403398046257	0.349568747895	0.457390929397	0.474636037275	0.214209660886	0.0	0.202951204315	0.241056600671	0.239554143454
Subsaharian_Africa - Kenya - Bantu_N.E.	0.305591940251	0.305960700651	0.305817396492	0.305921816978	0.314631033103	0.296852076632	0.29998950868	0.304770908865	0.302166578334	0.299106774864	0.298429880013	0.303164775807	0.302788678369	0.30001223019	0.303244691287	0.301505854995	0.301046357562	0.296712893431	0.299773809613	0.301227704359	0.301192345283	0.301109871906	0.297439148828	0.29398516132	0.300286452218	0.302030944191	0.296607559135	0.289553123225	0.300641026321	0.293250343428	0.302646361304	0.307561832297	0.305555411313	0.307331226957	0.307106153226	0.309386050901	0.309396030621	0.301539999891	0.295574888322	0.286261114333	0.281835572407	0.253575409957	0.293937719499	0.285341946978	0.112750452981	0.0932047202615	0.0	0.106788557737	0.111333308601
Subsaharian_Africa - Nigeria - Yoruba	0.416437244989	0.290570852163	0.29852780909	0.290985174278	0.397944151614	0.283791305148	0.330546489685	0.321215497875	0.307686944175	0.325985560311	0.34010557983	0.337626262874	0.318836586611	0.329172464669	0.331006850664	0.338475442139	0.321022817242	0.332243269765	0.283353053108	0.323222476401	0.331460319315	0.285340193349	0.282673116736	0.279716223189	0.284829871528	0.287200760788	0.282026012538	0.274741249807	0.285481953571	0.278054926367	0.324806256602	0.293879214006	0.301242527975	0.300868651487	0.293565534402	0.294975494989	0.295622271014	0.283636072629	0.281264850966	0.271896259688	0.265051227547	0.226387670553	0.293188102049	0.270313201262	0.0937593964429	0.096384386012	0.065231055588	0.0	0.0572031008308
Subsaharian_Africa - Senegal - Mandenka	0.37908833382	0.293811753912	0.300421580275	0.294865760553	0.366558363435	0.288934721443	0.329909632211	0.317703639134	0.30675824872	0.32003592914	0.338270139163	0.322123409696	0.315896174611	0.328566518065	0.325035936477	0.336467545976	0.31978362055	0.317207385438	0.280494037672	0.317830408949	0.317457716314	0.29047601669	0.286160834217	0.282434725797	0.28960848107	0.293168463459	0.285730961878	0.277709608554	0.289795473084	0.281655967727	0.314183570932	0.297323120404	0.298211597442	0.30007280412	0.292076737856	0.298081277654	0.299424304541	0.280089730079	0.284238330868	0.274041585101	0.268494200454	0.225821553087	0.293451298373	0.275395362416	0.102844952119	0.0982355902506	0.0737262543595	0.0609934970144	0.0